Day fraction since midnight on	pH probe (pH)
0.6374130643	7.285725117
0.637424644	7.284282684
0.6374362224	7.288972855
0.6374477854	7.286426544
0.6374593647	7.280230999
0.6374709334	7.293388844
0.6374825105	7.296836853
0.6374940803	7.291104317
0.6375056597	7.285245419
0.6375172305	7.277575493
0.6375288099	7.286299229
0.6375403854	7.284646034
0.6375519521	7.29708004
0.6375635361	7.287770748
0.6375751028	7.293982506
0.6375866727	7.280435562
0.6375982514	7.291422844
0.6376098192	7.281731129
0.6376214037	7.285027504
0.6376329729	7.273365021
0.6376445455	7.281875134
0.6376561206	7.273217678
0.6376677102	7.274889469
0.6376792688	7.279392242
0.6376908485	7.271195412
0.6377024238	7.270147324
0.637713991	7.240298748
0.6377255677	7.245456219
0.6377371527	7.227832794
0.6377487132	7.238554001
0.6377602861	7.220275402
0.6377718581	7.240748882
0.6377834474	7.217621803
0.6377950224	7.242985249
0.6378065796	7.196832657
0.6378181728	7.224544048
0.6378297331	7.280039787
0.6378413211	7.351869583
0.6378528738	7.216983318
0.637864458	7.281774998
0.637876021	7.275794029
0.6378875986	7.308192253
0.6378991765	7.293348789
0.6379107541	7.262861729
0.6379223231	7.317630291
0.6379338918	7.304003239
0.6379454699	7.313225269
0.637957047	7.196637154
0.6379686181	7.262751102
0.6379802077	7.282483578
0.637991769	7.27264595
0.6380033401	7.186075687
0.6380149152	7.274107933
0.6380265003	7.297981739
0.6380380638	7.30702877
0.6380496313	7.147233963
0.6380612168	7.230630398
0.6380727835	7.149644852
0.6380843574	7.257192135
0.6380959368	7.255212784
0.6381075071	7.16437912
0.6381190961	7.138969898
0.6381306614	7.257353783
0.6381422236	7.165296555
0.6381538173	7.203343391
0.6381653848	7.14232254
0.6381769548	7.21354723
0.6381885232	7.178843498
0.6382000952	7.102419853
0.6382116789	7.175924778
0.6382232411	7.166664124
0.6382348257	7.115714073
0.6382463937	7.151929855
0.6382579673	7.147233963
0.638269542	7.208168984
0.6382811198	7.172581673
0.6382926914	7.075002194
0.6383042683	7.124526024
0.6383158384	7.075865746
0.6383274135	7.129631519
0.6383389901	7.214133263
0.6383505673	7.161117554
0.6383621393	7.056633949
0.6383737142	7.168730259
0.6383852901	7.167368412
0.6383968596	7.046181679
0.6384084365	7.023526669
0.6384200069	7.148961067
0.6384315744	7.09423399
0.6384431523	7.024144173
0.6384547218	7.108698368
0.6384662963	7.132356644
0.6384778736	7.033083439
0.6384894563	7.112352848
0.6385010221	7.104848385
0.6385125953	7.085690498
0.6385241783	7.102777958
0.638535752	7.096174717
0.6385473221	7.047393799
0.6385588986	7.021964073
0.6385704773	7.099562168
0.6385820421	7.004515648
0.6385936241	7.041713238
0.6386051865	7.080147743
0.6386167573	7.085778713
0.6386283529	6.975485802
0.6386399095	6.988025188
0.6386514872	7.112171173
0.6386630627	6.980631828
0.6386746334	7.043033123
0.6386862222	7.060190678
0.638697785	6.99036932
0.6387093566	7.049510002
0.6387209431	6.974593639
0.6387325201	6.999346733
0.638744092	6.971328259
0.6387556553	6.972313404
0.6387672401	7.006793499
0.638778804	7.003112316
0.6387903724	6.99409008
0.6388019528	6.997253895
0.6388135317	6.972672463
0.6388250919	6.950266361
0.6388366633	6.979701996
0.6388482418	6.944368362
0.6388598258	7.014442444
0.6388713933	6.956567764
0.6388829669	6.951693058
0.6388945537	6.963563919
0.6389061193	7.006476879
0.6389176875	6.967181683
0.6389292609	6.941076756
0.6389408341	6.966844082
0.6389524097	6.986086845
0.6389639816	6.922460556
0.6389755569	6.969069958
0.6389871453	6.91733408
0.6389987068	6.903533936
0.6390102859	6.976051807
0.6390218476	6.970221996
0.6390334262	6.916596413
0.6390450002	6.988161087
0.6390565745	6.971608639
0.639068154	6.943682194
0.6390797277	6.922036171
0.6390913055	6.925688267
0.6391028697	6.967489719
0.6391144405	6.920422554
0.6391260189	6.953065395
0.6391375996	6.889791012
0.639149171	6.931327343
0.6391607392	6.980228901
0.6391723186	6.942035675
0.6391838887	6.938631058
0.6391954576	6.892446995
0.6392070323	6.909014702
0.639218612	6.996944904
0.6392301845	6.929493427
0.639241758	6.878247261
0.6392533383	6.941658497
0.6392649051	6.94447422
0.6392764845	6.887658119
0.6392880548	6.881253719
0.6392996234	6.872030258
0.639311219	6.856969833
0.639322777	6.852411747
0.6393343499	6.838330746
0.6393459194	6.859291077
0.6393575109	6.844242096
0.6393690803	6.821413994
0.6393806433	6.849915028
0.6393922261	6.853693485
0.6394037986	6.837379932
0.6394153791	6.867107868
0.6394269374	6.845142365
0.6394385246	6.865924358
0.6394500938	6.874102593
0.6394616719	6.86029768
0.6394732547	6.843607426
0.6394848253	6.93586874
0.6394963858	6.88590765
0.6395079596	6.840063572
0.6395195428	6.912857056
0.6395311105	6.912082672
0.6395426788	6.852344036
0.6395542552	6.852389813
0.6395658296	6.844396114
0.6395774186	6.862836838
0.6395889809	6.848913193
0.6396005495	6.806852818
0.639612133	6.813725472
0.6396237091	6.816795826
0.6396352782	6.871911526
0.6396468584	6.815183163
0.6396584227	6.812937737
0.639670002	6.845785618
0.6396815765	6.866181374
0.639693142	6.807264328
0.6397047238	6.807172775
0.6397162935	6.862815857
0.6397278704	6.820346832
0.6397394361	6.789123535
0.6397510203	6.814582825
0.6397625855	6.775348187
0.6397741657	6.792900562
0.6397857372	6.793777466
0.6397973107	6.793353081
0.6398088805	6.804155827
0.6398204708	6.787909031
0.639832037	6.765696526
0.6398436104	6.791858196
0.6398551808	6.765632629
0.6398667615	6.81046629
0.6398783254	6.77315712
0.6398898976	6.801760674
0.6399014772	6.76415062
0.6399130564	6.754355907
0.6399246206	6.825761795
0.6399362013	6.835339069
0.6399477788	6.786276341
0.639959355	6.780892849
0.6399709249	6.787543774
0.6399824944	6.83535862
0.6399940663	6.841473103
0.6400056433	6.761217594
0.6400172182	6.794993401
0.6400287857	6.800147057
0.6400403637	6.782402515
0.6400519337	6.80948925
0.6400635138	6.779046536
0.6400750864	6.753181934
0.6400866621	6.744715691
0.6400982393	6.731438637
0.6401098161	6.727818966
0.6401213847	6.762404919
0.6401329595	6.739106178
0.640144535	6.727990627
0.6401561093	6.745436192
0.6401676853	6.74603653
0.6401782155	6.753275394
0.6401908331	6.73499012
0.6402024017	6.758651257
0.6402139721	6.747338772
0.6402255561	6.737305164
0.6402371288	6.726157665
0.6402486979	6.712892056
0.640260266	6.72496891
0.6402718443	6.699035168
0.6402834196	6.701350689
0.6402949976	6.720135212
0.640306571	6.702904701
0.6403181407	6.729283333
0.6403297111	6.762999535
0.6403412935	6.725537777
0.6403528701	6.710699558
0.6403644531	6.687490463
0.6403760096	6.753436565
0.6403875815	6.738064766
0.6403991587	6.725177765
0.640410732	6.719864368
0.6404223078	6.770977974
0.6404338838	6.714096069
0.6404454508	6.703074455
0.6404570322	6.758438587
0.6404686098	6.759931088
0.6404801813	6.720246792
0.6404917545	6.690691948
0.6405033293	6.737854004
0.6405149025	6.785029888
0.6405264758	6.72431612
0.6405380477	6.708611965
0.6405496234	6.741816521
0.6405612	6.794152737
0.6405727645	6.706879139
0.6405843483	6.678536415
0.6405959121	6.723932743
0.6406074858	6.728094101
0.6406190692	6.68908596
0.6406306374	6.66621542
0.6406422188	6.700958729
0.6406538028	6.660284519
0.6406653666	6.705044746
0.6406769301	6.684560299
0.6406885085	6.680886269
0.6407000796	6.722557068
0.6407116698	6.708864212
0.6407232437	6.675251961
0.6407348041	6.727499485
0.6407463833	6.67848444
0.6407579579	6.647777081
0.6407695225	6.717216492
0.640781108	6.691879749
0.6407926714	6.660338879
0.6408042563	6.646595955
0.6408158255	6.681859493
0.6408273914	6.665069103
0.6408389672	6.649666309
0.6408505535	6.663544178
0.6408621159	6.660253525
0.6408737454	6.694118023
0.6408852683	6.644129753
0.6408968461	6.631552219
0.640908419	6.686649323
0.6409199901	6.646970749
0.6409315629	6.642843247
0.6409431409	6.670971394
0.6409547111	6.684084415
0.6409662849	6.629526615
0.6409778771	6.63227272
0.6409893177	6.658620834
0.6410010094	6.660834789
0.6410125876	6.621842861
0.6410241497	6.633841038
0.6410357338	6.600520611
0.6410473031	6.607802391
0.6410588732	6.59457016
0.6410704522	6.610178471
0.6410820205	6.601381779
0.6410936	6.611893654
0.6411051759	6.6159935
0.641116763	6.61976099
0.6411283302	6.607343674
0.6411398937	6.607852936
0.6411514718	6.620041847
0.6411630422	6.63854599
0.6411746234	6.610006809
0.6411861982	6.612477303
0.6411977635	6.604251862
0.641209339	6.593092918
0.6412209122	6.610706806
0.6412324936	6.671863556
0.6412440559	6.67080164
0.6412556407	6.587861538
0.6412672099	6.613577366
0.6412787895	6.641544342
0.6412903641	6.628584385
0.6413019309	6.60705471
0.6413135046	6.621424675
0.6413250925	6.601258278
0.6413366533	6.611589909
0.6413482225	6.590791225
0.6413597976	6.5914464
0.6413713805	6.581223011
0.6413829468	6.605305195
0.6413945291	6.624158859
0.641406102	6.589118004
0.6414176758	6.648907185
0.6414292531	6.586386204
0.6414408149	6.630460739
0.6414523928	6.64076376
0.6414639668	6.604609013
0.6414755372	6.62528038
0.6414871114	6.637624264
0.6414986877	6.645412445
0.6415102664	6.629150391
0.6415218378	6.620643139
0.6415334141	6.628344059
0.6415449846	6.590510845
0.6415565619	6.640523434
0.6415681345	6.612677097
0.6415797097	6.613628388
0.6415912834	6.633654118
0.6416028507	6.604133129
0.6416144342	6.67783308
0.6416260076	6.697452068
0.6416375732	6.599479199
0.6416491505	6.599646092
0.6416607289	6.66263485
0.6416723089	6.621997356
0.6416838682	6.638953686
0.6416954492	6.620530605
0.6417070294	6.551207066
0.6417185963	6.584413052
0.6417301812	6.617108345
0.6417417605	6.591412067
0.6417533135	6.589033127
0.6417648894	6.59530592
0.6417764655	6.627263546
0.6417880362	6.561499119
0.6417996077	6.602179527
0.6418111824	6.590867043
0.6418227665	6.613609314
0.6418343353	6.652729034
0.6418459039	6.595266819
0.641857489	6.618549347
0.6418690587	6.596608639
0.6418806321	6.566051483
0.6418922056	6.629883289
0.6419037808	6.58309269
0.64191536	6.558356762
0.6419269325	6.528190613
0.6419385019	6.574442387
0.6419500791	6.578837395
0.6419616477	6.530936718
0.6419732243	6.576265335
0.6419848129	6.565201283
0.6419963666	6.60048151
0.6420079456	6.627143383
0.6420195255	6.639802933
0.6420310994	6.595453739
0.6420426661	6.649960518
0.6420542358	6.543070316
0.6420658333	6.530138969
0.6420773974	6.582697392
0.6420889692	6.560650349
0.642100539	6.564466
0.6421121114	6.642350674
0.6421236852	6.58616209
0.6421352669	6.578289509
0.6421468292	6.587504387
0.6421584205	6.536502838
0.6421699848	6.608481407
0.6421815603	6.592201233
0.6421931245	6.55268383
0.6422047188	6.611859798
0.6422162801	6.626520634
0.6422278503	6.544411659
0.6422394391	6.592681408
0.6422509981	6.666351318
0.6422625794	6.621328354
0.6422741487	6.610774517
0.6422857354	6.579455853
0.6422972958	6.576667309
0.6423088761	6.677489758
0.6423204503	6.652153492
0.6423320215	6.563357353
0.6423435863	6.587555409
0.642355161	6.614535332
0.6423667418	6.625822544
0.6423783137	6.564437866
0.6423898831	6.560106278
0.6424014789	6.663980484
0.6424130378	6.617601395
0.6424246083	6.579725266
0.6424361945	6.582766533
0.6424477642	6.56018877
0.642459331	6.640754223
0.6424709006	6.545070648
0.6424824753	6.565990448
0.6424940565	6.6239357
0.6425056358	6.553759575
0.6425171981	6.610095024
0.64252878	6.54629755
0.6425403452	6.513345242
0.6425519217	6.549814224
0.6425634928	6.596710205
0.6425750796	6.544462204
0.6425866633	6.497340679
0.6425982237	6.50137043
0.6426098003	6.480015755
0.6426213708	6.477556229
0.6426329548	6.544273377
0.6426445207	6.546161175
0.6426560926	6.545516014
0.6426676594	6.519918442
0.6426792367	6.541940689
0.6426908061	6.592735767
0.6427023905	6.513124466
0.6427139628	6.555775166
0.6427255349	6.584378719
0.6427371037	6.589814663
0.6427486822	6.506483555
0.6427602587	6.60678196
0.6427718257	6.565218926
0.6427834196	6.5438447
0.6427949807	6.4716115
0.6428065697	6.507015705
0.6428181288	6.521616936
0.6428296988	6.48696661
0.6428412793	6.504974365
0.6428528505	6.553061485
0.6428644291	6.5136199
0.6428759903	6.50565052
0.6428875873	6.506775379
0.6428991489	6.516674519
0.6429107226	6.548743248
0.6429222991	6.538869858
0.6429338824	6.522694111
0.6429454441	6.52827549
0.6429570304	6.590811729
0.6429685934	6.545893192
0.6429801681	6.548390389
0.6429917323	6.475467205
0.6430033061	6.457903862
0.6430148916	6.531030655
0.6430264604	6.543307781
0.6430380279	6.483280659
0.6430496128	6.43738842
0.6430611748	6.477709293
0.6430727575	6.496757507
0.6430843268	6.464577198
0.6430959021	6.566470623
0.6431074799	6.52583313
0.6431190522	6.512580872
0.6431306283	6.530035973
0.6431422012	6.49620676
0.643153774	6.496376514
0.6431653494	6.491902828
0.6431769198	6.585194111
0.6431884942	6.511046886
0.6432000691	6.488174915
0.6432116496	6.561907768
0.6432232213	6.549949169
0.6432347963	6.493481159
0.6432463694	6.587623119
0.6432579451	6.524100781
0.6432695126	6.412161827
0.6432810851	6.41054821
0.6432926664	6.442500114
0.6433042388	6.429724693
0.6433158149	6.419165134
0.6433273936	6.40875864
0.6433389549	6.465157032
0.6433505279	6.427483082
0.6433621005	6.460876465
0.6433736797	6.419685364
0.643385258	6.440784454
0.6433968325	6.498747349
0.6434083989	6.40998745
0.6434199693	6.392695904
0.6434315475	6.422711849
0.6434431338	6.433494568
0.6434546906	6.427941322
0.6434662688	6.436513424
0.6434778397	6.453470707
0.6434894193	6.449430466
0.6435009965	6.445930958
0.643512563	6.414437771
0.643524141	6.445210457
0.6435357127	6.435941696
0.6435472998	6.390239716
0.6435588624	6.399626255
0.6435704409	6.400404453
0.6435820043	6.426378727
0.6435935786	6.390695572
0.6436051651	6.383816719
0.6436167369	6.385681152
0.6436283142	6.391364574
0.6436398792	6.386666298
0.6436514607	6.387556553
0.6436630314	6.389491081
0.6436746019	6.381893635
0.6436861794	6.361208439
0.6436977454	6.397740841
0.6437093191	6.397740841
0.643720901	6.387247562
0.6437324788	6.371449471
0.6437440453	6.399150848
0.6437556258	6.406803131
0.6437672011	6.43021822
0.6437787724	6.393040657
0.6437903411	6.37097168
0.6438019213	6.421349526
0.6438134861	6.409851551
0.643825065	6.378362179
0.6438366366	6.406675339
0.6438482068	6.433886051
0.6438597919	6.436187744
0.6438713561	6.375048161
0.6438829507	6.414127827
0.6438945113	6.386491299
0.6439060822	6.339701176
0.6439176603	6.376269341
0.6439292265	6.409817696
0.6439408058	6.413956165
0.6439523893	6.365959644
0.6439639598	6.344559193
0.6439755272	6.361816406
0.643987099	6.368848801
0.6439986755	6.362306118
0.6440102523	6.362623692
0.6440218373	6.417078495
0.6440334008	6.448307037
0.6440449691	6.407083035
0.6440565437	6.337725163
0.6440681332	6.362151623
0.6440796987	6.444264412
0.6440912653	6.426259518
0.6441028445	6.358858109
0.6441144128	6.356652737
0.6441259881	6.425074101
0.6441375621	6.383235455
0.6441491501	6.371997833
0.6441607142	6.397333622
0.6441722887	6.446874142
0.6441838667	6.3995471
0.6441954324	6.432204723
0.6442070131	6.495831013
0.6442185754	6.383779049
0.6442301508	6.375771523
0.6442417234	6.410674095
0.6442533069	6.468419552
0.6442648752	6.414421082
0.6442764563	6.387933731
0.6442880198	6.391936779
0.6442996055	6.45164299
0.6443111719	6.38632679
0.6443227405	6.338325501
0.6443343209	6.317568779
0.6443459013	6.353455067
0.6443574693	6.338296413
0.644369043	6.333892345
0.6443806326	6.409564972
0.6443921894	6.371787071
0.644403771	6.343351364
0.6444153464	6.363712788
0.6444269099	6.401019096
0.6444384862	6.384263039
0.644450065	6.333950996
0.6444616386	6.367778301
0.6444732074	6.396552563
0.6444847861	6.305424213
0.6444963581	6.315768242
0.6445079326	6.287978649
0.6445195076	6.281031609
0.6445310831	6.277944088
0.6445426514	6.284208775
0.6445542276	6.287790299
0.6445657957	6.290799618
0.644577381	6.285079956
0.6445889449	6.282907963
0.6446005241	6.283038616
0.6446121062	6.285268307
0.6446236746	6.299343109
0.6446352472	6.324923515
0.6446468253	6.288784981
0.644658397	6.274595261
0.6446699725	6.261715889
0.6446815448	6.30715704
0.6446931323	6.348206043
0.6447046885	6.255381107
0.644716262	6.266051769
0.64472784	6.35486126
0.6447394162	6.336318493
0.6447509813	6.313441277
0.6447625685	6.324636459
0.6447741436	6.363935947
0.6447857023	6.300464153
0.6447972775	6.255095005
0.6448088555	6.290706158
0.6448204329	6.296276569
0.6448320099	6.279092789
0.6448435777	6.276124001
0.6448551672	6.277377605
0.6448667274	6.252310276
0.6448782966	6.245906353
0.6448898696	6.265592575
0.6449014461	6.289179325
0.6449130257	6.238507271
0.644924602	6.255472183
0.644936168	6.299571037
0.6449477503	6.297756195
0.6449593226	6.282714367
0.6449708901	6.223009586
0.6449824691	6.242864609
0.6449940447	6.265404701
0.6450056077	6.234152317
0.6450172002	6.253276825
0.6450287599	6.263418198
0.6450403505	6.267308235
0.6450519178	6.249892712
0.6450634776	6.254280567
0.6450750635	6.27626276
0.6450866379	6.251441002
0.6450982073	6.22233057
0.6451097755	6.290120125
0.6451213536	6.278904438
0.6451329245	6.259800434
0.6451444994	6.211678505
0.6451560786	6.21346283
0.6451676432	6.268328667
0.6451792336	6.273827076
0.6451907963	6.263299942
0.6452023727	6.225950718
0.6452139475	6.267445564
0.6452255188	6.275801182
0.6452370887	6.261635304
0.6452486673	6.221542358
0.6452602458	6.237203598
0.645271816	6.268955708
0.6452833959	6.236052036
0.6452949729	6.195365429
0.645306552	6.209825993
0.6453181143	6.259121418
0.6453296808	6.215179443
0.6453412546	6.211884022
0.6453528338	6.197252274
0.6453644013	6.231434822
0.6453759898	6.244271278
0.6453875511	6.218338966
0.6453991338	6.226912022
0.6454106978	6.292922974
0.6454222795	6.205485821
0.6454338546	6.180853367
0.6454454262	6.211527824
0.6454569934	6.214092255
0.6454685756	6.199876785
0.6454801615	6.205469132
0.6454917271	6.274476051
0.6455032973	6.218084335
0.6455148854	6.197377205
0.6455264385	6.19697094
0.6455380234	6.242263794
0.6455495883	6.264709473
0.6455611663	6.253671169
0.6455727577	6.235230923
0.6455843139	6.277211189
0.6455958829	6.22900629
0.6456074611	6.217562199
0.645619039	6.212570667
0.6456306206	6.206399441
0.6456421787	6.258748055
0.6456537588	6.237529278
0.645665326	6.264149189
0.6456769048	6.284358978
0.6456884744	6.231027126
0.6457000474	6.175976753
0.6457116291	6.224423885
0.6457232067	6.206000805
0.6457347789	6.164766312
0.6457463586	6.23201704
0.645757923	6.201217651
0.6457694929	6.187221527
0.6457810741	6.212862015
0.6457926413	6.241422176
0.6458042219	6.158107281
0.6458157983	6.202724457
0.6458273632	6.212461948
0.6458389439	6.195949078
0.6458505217	6.154282093
0.6458620879	6.214454651
0.6458736798	6.264461041
0.6458852366	6.235273361
0.6458968071	6.203204632
0.6459083864	6.188401222
0.6459199593	6.253872395
0.6459315354	6.236637116
0.6459431021	6.20238924
0.645954683	6.201180935
0.6459662691	6.266759396
0.6459778251	6.265407085
0.6459894041	6.178572178
0.6460009761	6.154572964
0.6460125511	6.190871239
0.6460241401	6.223686218
0.6460357031	6.198091984
0.6460472684	6.211918354
0.6460588479	6.2220397
0.6460704294	6.274427414
0.6460819902	6.220750809
0.6460935723	6.160604477
0.6461051456	6.2422719
0.6461167339	6.164248467
0.646128286	6.137453556
0.646139866	6.149941921
0.6461514377	6.198482513
0.6461630127	6.175878525
0.6461745944	6.154642582
0.6461861563	6.191348553
0.6461977359	6.204919815
0.6462093125	6.256015301
0.6462208875	6.14558506
0.6462324611	6.209506035
0.6462440316	6.162660122
0.6462556058	6.140472889
0.6462671803	6.133024693
0.6462787532	6.151398659
0.6462903305	6.124194145
0.646301907	6.15438509
0.6463134746	6.136230469
0.6463250523	6.123707295
0.6463366222	6.140646458
0.6463481986	6.114073753
0.6463597758	6.100470543
0.6463713462	6.154489994
0.6463829151	6.150138378
0.6463944986	6.191762924
0.6464060652	6.12437439
0.6464176366	6.102479935
0.6464292095	6.130336285
0.6464407887	6.155482769
0.6464523675	6.113902092
0.6464639414	6.104977131
0.6464755075	6.117801189
0.6464870801	6.146710396
0.6464986622	6.146168232
0.6465102341	6.080891132
0.6465218017	6.095141888
0.6465333987	6.155002594
0.6465449509	6.197599411
0.6465565312	6.164797306
0.6465680979	6.162948608
0.6465796809	6.208162308
0.6465912521	6.199026585
0.6466028408	6.109081745
0.6466144103	6.088653565
0.6466259692	6.145623684
0.6466375469	6.114742756
0.6466491247	6.069971085
0.6466606946	6.087141991
0.646672272	6.154058933
0.6466838386	6.076424122
0.6466954163	6.055321693
0.6467069867	6.058402538
0.6467185664	6.075597763
0.6467301556	6.07257843
0.6467417086	6.077035427
0.6467533046	6.078188419
0.6467648663	6.081944466
0.6467764393	6.076271057
0.6467880145	6.098463535
0.646799578	6.06750679
0.6468111533	6.052491665
0.6468227348	6.06540823
0.6468343082	6.118803024
0.6468458745	6.096857548
0.6468574479	6.075914383
0.6468690238	6.041101933
0.6468806012	6.092391491
0.6468921906	6.092116833
0.6469037457	6.064228058
0.6469153229	6.044000626
0.6469268993	6.060330391
0.6469384706	6.042945385
0.6469500473	6.08650732
0.6469616361	6.043125629
0.646973194	6.084033489
0.6469847737	6.092494011
0.6469963434	6.077579022
0.6470079131	6.076339245
0.6470194854	6.060569763
0.6470310654	6.10474205
0.6470426338	6.065689087
0.6470542115	6.0769701
0.6470657993	6.068359375
0.6470773586	6.090470791
0.6470889375	6.118207932
0.6471005143	6.109064579
0.6471120822	6.113079071
0.6471236553	6.094819069
0.6471352359	6.030687809
0.6471468022	6.085783005
0.6471583757	6.108883381
0.6471699513	6.034188747
0.6471815377	6.123645306
0.6471930969	6.070462227
0.6472046883	6.120077133
0.6472162437	6.116798878
0.6472278274	6.054001331
0.64723939	6.035539627
0.647250976	6.118019104
0.6472625391	6.023972511
0.6472741182	6.047825337
0.6472856884	6.078784943
0.6472972836	6.185381889
0.6473088443	6.090912819
0.6473204144	6.079379559
0.6473320023	6.067827225
0.6473435803	6.17625618
0.6473551411	6.134786606
0.6473667092	6.091609478
0.6473782847	6.054652691
0.6473898621	6.113884926
0.6474014373	6.151263237
0.6474130062	6.141122341
0.6474245856	6.082695484
0.647436158	6.140714645
0.6474477443	6.131296158
0.6474593074	6.054733753
0.6474708752	6.034775257
0.6474824556	6.092185497
0.6474940284	6.136756897
0.6475055992	6.140697479
0.6475171738	6.016674519
0.6475287473	6.049026489
0.6475403178	6.08826828
0.6475518994	6.024410725
0.6475634826	6.031717777
0.6475750428	5.9901371
0.6475866144	6.048075199
0.6475981966	6.058855534
0.6476097674	6.014223099
0.6476213328	6.053850174
0.647632908	6.054584026
0.6476444808	6.068984509
0.6476560662	6.05019331
0.6476676325	6.018859386
0.6476792104	6.043949127
0.647690784	6.078258514
0.6477023513	6.086989403
0.647713929	6.001973152
0.6477255054	6.087485313
0.6477370816	6.091070652
0.6477486466	6.108798504
0.647760224	6.103781223
0.6477717971	6.082718849
0.6477833828	5.983396053
0.6477949458	6.048211098
0.6478065254	6.085855484
0.6478180965	6.069408894
0.6478296793	6.095032692
0.647841243	6.113130093
0.6478528191	6.121603966
0.6478643961	6.109510422
0.6478759611	6.104654312
0.6478875391	6.093120098
0.6478991215	6.086524487
0.647910689	6.06866169
0.6479222583	6.100968361
0.647933849	6.10923624
0.6479454195	6.046308518
0.6479569855	6.073858738
0.6479685576	6.03506422
0.6479801356	6.064704895
0.6479917063	6.077323914
0.6480032774	6.062892914
0.6480148582	5.956653118
0.6480264236	5.952072144
0.6480380047	5.938555718
0.6480495725	5.931264877
0.6480611501	5.938161373
0.6480727307	5.938092709
0.6480842973	5.957541466
0.6480958674	5.939043999
0.6481074486	5.960478306
0.6481190245	5.948127747
0.6481305956	5.955231667
0.6481421634	5.961431503
0.6481537475	6.022060871
0.6481653167	5.958883762
0.6481768953	5.949993134
0.6481884634	5.960989952
0.6482000446	5.947956085
0.6482116239	5.966533661
0.6482231808	6.004099369
0.6482347632	6.091327667
0.6482463374	5.984562874
0.6482579113	5.967563152
0.6482694776	5.955860138
0.6482810535	5.967648506
0.6482926329	5.948168755
0.6483042091	5.974732876
0.6483157778	6.095329285
0.6483273519	6.008474827
0.6483389245	6.042435646
0.6483504995	6.081626892
0.64836207	6.03411293
0.6483736523	6.005026817
0.6483852168	5.992294312
0.6483968038	6.038682461
0.648408366	6.0968256
0.6484199469	6.037498951
0.6484315189	6.060746193
0.6484430923	5.99586153
0.6484546659	5.991734028
0.6484662453	5.914780617
0.6484778304	5.898656368
0.648489388	5.962925911
0.6485009655	6.024204731
0.648512538	5.966764927
0.6485241063	5.974853516
0.6485356845	5.935330868
0.648547266	5.876871109
0.6485588282	5.886456966
0.6485704085	5.876939297
0.6485819866	5.877728462
0.6485935538	5.882499218
0.6486051334	5.884658337
0.6486167043	5.882142544
0.6486282751	5.879815579
0.6486398584	5.88485384
0.6486514235	5.890686035
0.6486629998	5.891829014
0.6486745744	5.881725311
0.6486861411	5.883552551
0.6486977204	5.880576134
0.6487092926	5.892232418
0.6487208698	5.864572048
0.6487324422	5.872087002
0.6487440123	5.869879246
0.6487555859	5.873446941
0.6487671634	5.877300263
0.6487787411	5.87416029
0.6487903158	5.881759644
0.6488018913	5.875618935
0.6488134621	5.86870718
0.6488250366	5.862959385
0.6488366259	5.889238834
0.6488481785	5.890244484
0.648859755	5.861244202
0.6488713306	5.864276886
0.6488829033	5.875977039
0.6488944919	5.87179327
0.6489060543	5.867619991
0.6489176345	5.861449719
0.6489291972	5.863526344
0.6489407788	5.855360031
0.6489523439	5.856375694
0.6489639228	5.855583191
0.6489754912	5.864783764
0.6489870773	5.85909605
0.6489986508	5.856749058
0.6490102209	5.860570908
0.6490217961	5.863559246
0.6490333732	5.862685204
0.6490449451	5.876214981
0.6490565138	5.8624053
0.6490680879	5.876253128
0.6490796674	5.879598141
0.649091251	5.887746334
0.6491028132	5.88590765
0.6491143841	5.910032749
0.6491259604	5.965298653
0.6491375367	5.911778927
0.6491491059	5.921209335
0.6491606876	5.918142796
0.6491722571	6.000769615
0.6491838309	6.01276207
0.6491954078	5.991372109
0.6492069737	5.934848785
0.6492185618	5.985544205
0.6492301256	5.961380482
0.6492416984	5.972319126
0.6492532729	5.928229332
0.6492648484	5.975899696
0.6492764266	6.044068813
0.6492880103	6.002539635
0.6492995721	5.930585861
0.6493111596	5.902276039
0.6493227226	5.926814556
0.6493342982	5.908405304
0.6493458611	5.919476986
0.6493574397	5.911178112
0.649369009	5.941252232
0.6493805935	5.984116554
0.6493921615	5.966187477
0.6494037364	5.925536156
0.6494153057	5.949728012
0.6494268827	5.950614929
0.6494384555	5.987792969
0.6494500359	5.992164135
0.6494616015	5.988625526
0.6494731871	6.000549793
0.6494847484	5.995182037
0.6494963288	6.041873455
0.6495078972	6.034214973
0.6495194911	6.022111893
0.6495310556	5.965304375
0.6495426196	5.988472462
0.6495541926	6.018231392
0.6495651954	5.963758469
0.6495773475	6.012350559
0.6495889246	5.974665165
0.6496004931	5.963894367
0.6496120677	5.968129158
0.6496236359	5.960785866
0.6496352162	5.919721127
0.6496467845	5.948946476
0.6496583595	5.922448635
0.649669948	5.942929745
0.6496815184	5.903901577
0.6496930845	5.852927208
0.6497046664	5.945165634
0.6497162343	5.942067623
0.6497278135	5.882994652
0.6497393761	5.853097439
0.6497509522	5.870181084
0.6497625242	5.856188297
0.6497741038	5.866612911
0.6497856782	5.889101505
0.6497972569	5.872308254
0.6498088264	5.951478005
0.6498203984	5.92633915
0.6498319706	5.897565365
0.6498435422	5.99567461
0.6498551163	5.923485279
0.6498666978	5.935847282
0.6498782707	5.942390442
0.6498898434	5.959087849
0.6499014158	5.969040871
0.649912988	5.933711052
0.6499245829	5.89280653
0.6499361349	5.911069393
0.6499477085	5.924691677
0.6499593025	5.882943153
0.6499708637	5.899178982
0.6499824535	5.935210705
0.6499940216	5.889643192
0.6500055969	5.891589165
0.6500171669	5.876860142
0.6500287311	5.955384731
0.6500403045	5.939248085
0.6500518873	6.0373106
0.6500634684	5.92356348
0.6500750232	6.006867886
0.6500866071	5.946995735
0.6500981762	5.907407761
0.6501097533	5.940975189
0.6501213256	5.933864117
0.6501328961	5.905616283
0.650144475	5.860420227
0.6501560577	5.863708019
0.650167618	5.900619984
0.6501791942	5.947201252
0.6501907791	5.904900551
0.6502023461	5.874583721
0.6502139123	5.940114021
0.650225508	5.878363133
0.6502370695	5.911646366
0.6502486336	5.895289421
0.6502602086	5.883578301
0.6502717828	5.884749889
0.6502833553	5.898703575
0.6502949296	5.910063744
0.6503065113	5.912273407
0.6503180892	5.81081152
0.6503296585	5.923845291
0.6503412296	5.917285919
0.6503528067	5.930493832
0.6503643856	5.952485085
0.6503759579	5.958866596
0.6503875246	5.931706429
0.6503991003	5.92908144
0.6504106681	5.96878624
0.6504222606	5.893304825
0.6504338286	5.9169631
0.650445394	5.837674141
0.6504569768	5.86194706
0.6504685509	5.866921902
0.6504801246	5.96420002
0.6504916929	5.946500778
0.6505032638	5.802769184
0.6505148562	5.79719162
0.6505264097	5.811193466
0.6505379844	5.777430534
0.6505495562	5.771634102
0.6505611414	5.772522926
0.6505727092	5.764754772
0.6505843008	5.756571293
0.6505958614	5.752661228
0.650607431	5.74525547
0.650619012	5.753088951
0.6506305746	5.747463703
0.6506421488	5.790827274
0.6506537261	5.769814014
0.6506652968	5.762257576
0.6506768768	5.8197999
0.6506884489	5.817257404
0.6507000357	5.769059658
0.6507115926	5.781350136
0.650723186	5.813984871
0.6507347647	5.778202534
0.6507463251	5.855491638
0.6507578936	5.819244862
0.6507694671	5.886100769
0.650781037	5.864647389
0.650792615	5.850333691
0.650804189	5.768729687
0.6508157685	5.818891525
0.6508273379	5.89063549
0.6508389173	5.776212692
0.6508504929	5.813418865
0.6508620633	5.851721764
0.6508736504	5.814070702
0.6508852176	5.838897228
0.6508967843	5.808357239
0.6509083707	5.79371357
0.6509199383	5.782114506
0.6509315119	5.795736313
0.6509430746	5.801698685
0.6509546503	5.798958302
0.6509662265	5.799747944
0.6509778076	5.811348915
0.6509893686	5.831015587
0.651000954	5.855702877
0.6510125236	5.849462032
0.6510240949	5.830064774
0.6510356731	5.8665452
0.6510472591	5.837777615
0.6510588197	5.855321884
0.6510703919	5.860893726
0.6510819691	5.84306097
0.6510935538	5.78185606
0.6511051188	5.747718811
0.6511166827	5.744592667
0.6511282626	5.731132984
0.6511398442	5.783931255
0.6511514158	5.781315804
0.6511629894	5.789485931
0.6511745736	5.783639908
0.6511861403	5.813554287
0.651197708	5.779107094
0.6512092831	5.804396153
0.6512208558	5.818649769
0.651232443	5.815631867
0.6512440179	5.813556194
0.6512555739	5.781791687
0.6512671475	5.718995571
0.6512787247	5.736552715
0.6512902963	5.727590561
0.6513018667	5.753136635
0.651313441	5.750815868
0.6513250227	5.726055145
0.6513365899	5.70873642
0.6513481744	5.731818199
0.6513597436	5.709789276
0.6513713113	5.710061073
0.6513828896	5.711251259
0.6513944632	5.701908112
0.6514060336	5.703029156
0.6514176276	5.686326981
0.6514291873	5.780738354
0.6514407621	5.675322533
0.6514523338	5.66693449
0.6514639105	5.658246517
0.6514754812	5.661482334
0.6514870513	5.657660484
0.6514986291	5.66383791
0.6515102117	5.659257889
0.6515217945	5.6509552
0.6515333504	5.666561127
0.6515449379	5.654232025
0.6515564984	5.707173348
0.6515680749	5.71828413
0.6515796497	5.75730896
0.6515912386	5.747291088
0.651602791	5.724181652
0.6516143673	5.7400527
0.6516259521	5.683890343
0.6516375276	5.668281078
0.6516490878	5.67505312
0.6516606635	5.689826012
0.651672243	5.707357407
0.6516838147	5.746750355
0.6516953883	5.742554665
0.6517069756	5.722332478
0.6517185403	5.685006142
0.6517301051	5.692770004
0.6517416806	5.715299606
0.6517532573	5.69941473
0.6517648481	5.660801411
0.6517764107	5.702553749
0.6517879824	5.713577271
0.6517995509	5.673270226
0.6518111319	5.668469429
0.6518227086	5.695229054
0.6518342877	5.687945843
0.6518458662	5.689260006
0.6518574382	5.741671562
0.651869003	5.725416184
0.6518805673	5.673015595
0.6518921426	5.709141254
0.6519037193	5.680854321
0.6519152934	5.647147179
0.6519268825	5.694972515
0.6519384456	5.65519762
0.6519500149	5.675548554
0.6519615922	5.64292717
0.6519731615	5.723207951
0.6519847449	5.667800427
0.6519963177	5.676208973
0.6520078881	5.674340248
0.6520194648	5.719965458
0.6520310304	5.718061924
0.6520426065	5.717803478
0.6520541847	5.66061306
0.6520657646	5.729755402
0.6520773384	5.701891422
0.6520889065	5.71797657
0.6521004837	5.748852253
0.6521120493	5.754172802
0.6521236301	5.752677441
0.6521351961	5.589786053
0.6521467753	5.59295845
0.6521583521	5.620027542
0.6521699256	5.633490562
0.6521815124	5.728391647
0.6521930728	5.595390797
0.6522046577	5.616116524
0.6522162166	5.728677273
0.6522277944	5.601037502
0.6522393713	5.594501495
0.6522509415	5.592621803
0.6522625209	5.592889309
0.6522740911	5.593148232
0.6522856646	5.59454155
0.6522972514	5.597673893
0.6523088108	5.596529007
0.6523203845	5.598312855
0.6523319661	5.599185467
0.6523435499	5.596595287
0.6523551186	5.597599983
0.6523666985	5.594382286
0.6523782652	5.596342564
0.6523898239	5.598822594
0.6524014183	5.597555637
0.6524129854	5.592197895
0.6524245533	5.594881535
0.6524361422	5.601192474
0.6524476993	5.597191811
0.6524592763	5.595462799
0.6524708444	5.591943741
0.6524824276	5.594125271
0.6524940007	5.593709469
0.6525055712	5.591416359
0.6525171552	5.595016956
0.6525287229	5.588926792
0.6525402988	5.589270115
0.6525518624	5.595238209
0.6525634443	5.596148968
0.6525750209	5.598053455
0.6525865872	5.584384441
0.65259816	5.597157478
0.6526097352	5.589476585
0.652621325	5.588292599
0.6526328849	5.59464407
0.6526444618	5.594314098
0.6526560421	5.593936443
0.6526676093	5.594508171
0.65267919	5.592924595
0.6526907582	5.603918552
0.6527023269	5.59923029
0.6527138967	5.596614361
0.6527254781	5.596355438
0.6527370483	5.602355957
0.652748626	5.597144127
0.6527602124	5.594983101
0.6527717704	5.59744215
0.6527833465	5.594124794
0.652794919	5.598464966
0.6528064932	5.600729466
0.6528180622	5.603850365
0.6528296385	5.606046677
0.6528412213	5.605463028
0.6528527953	5.601455212
0.6528643683	5.602949619
0.6528759325	5.610015869
0.6528875114	5.61386919
0.6528990918	5.605395317
0.6529106651	5.604614735
0.6529222302	5.59883976
0.6529338119	5.599925518
0.6529453817	5.600690842
0.6529569549	5.600351811
0.6529685371	5.601930141
0.6529801025	5.602151871
0.6529916808	5.610163689
0.6530032514	5.607383728
0.6530148258	5.608894348
0.6530264054	5.609752178
0.6530379748	5.600470066
0.6530495528	5.598095894
0.6530611241	5.596375942
0.6530727005	5.601243496
0.6530842689	5.599892616
0.6530958407	5.605701447
0.653107415	5.60669899
0.6531189901	5.603404999
0.6531305768	5.604846001
0.6531421358	5.607943058
0.6531537212	5.620696068
0.6531653021	5.621069431
0.6531768674	5.617863655
0.653188435	5.616164684
0.6532000105	5.618020058
0.6532115835	5.611968994
0.6532231644	5.61033535
0.6532347456	5.610129356
0.653246302	5.599009514
0.6532578925	5.593799114
0.6532694587	5.597429276
0.6532810333	5.604943752
0.6532925996	5.599603653
0.6533041742	5.608036995
0.653315747	5.606278896
0.6533273297	5.604811668
0.6533388941	5.602406502
0.65335047	5.605360985
0.653362042	5.614551067
0.6533736206	5.622274399
0.6533851933	5.624470711
0.6533967651	5.619344235
0.6534083573	5.615550041
0.6534199165	5.62047863
0.6534314857	5.617133141
0.65344306	5.622342587
0.6534546382	5.614435196
0.6534662065	5.616394043
0.6534777957	5.625773907
0.6534893673	5.621175766
0.6535009385	5.619595528
0.65351252	5.619258881
0.6535240982	5.60690403
0.6535356523	5.604971409
0.653547235	5.608448505
0.6535588084	5.617676258
0.6535703844	5.612582207
0.653581948	5.617013454
0.6535935207	5.618305206
0.6536051116	5.615549564
0.6536166702	5.614584923
0.6536282435	5.620382309
0.6536398185	5.618139744
0.6536513978	5.614212513
0.6536629857	5.614915371
0.653674552	5.617625713
0.6536861177	5.614924431
0.6536977075	5.609803677
0.6537092724	5.618406773
0.6537208401	5.624623299
0.6537324195	5.618706703
0.6537439859	5.628164291
0.6537555723	5.630147457
0.653767142	5.62994051
0.6537787291	5.626391411
0.6537902898	5.62638998
0.6538018554	5.627868176
0.6538134277	5.625048161
0.6538250094	5.623559952
0.6538365808	5.627170563
0.6538481587	5.623560906
0.653859735	5.630437374
0.6538713035	5.625693798
0.6538828772	5.61485672
0.6538944467	5.626067162
0.6539060232	5.627763271
0.6539176031	5.627866268
0.6539291729	5.625133038
0.653940742	5.62869978
0.6539523347	5.62908411
0.6539638968	5.625863552
0.6539754749	5.624126911
0.6539870415	5.620765209
0.6539986184	5.615858555
0.6540101913	5.623332501
0.6540217738	5.621862412
0.6540333537	5.630370617
0.6540449086	5.63155365
0.6540564922	5.632875443
0.6540680611	5.630177498
0.6540796329	5.627222061
0.6540912208	5.616339207
0.6541027975	5.619632244
0.6541143524	5.62869978
0.6541259363	5.623218536
0.654137511	5.625669956
0.6541490785	5.626836777
0.6541606511	5.622227669
0.6541722285	5.622463226
0.6541837958	5.629600048
0.6541953731	5.631468773
0.6542069452	5.628479481
0.6542185308	5.626837254
0.6542300936	5.627714634
0.6542416673	5.630381584
0.6542532635	5.629547596
0.654264836	5.631660938
0.6542763911	5.636445999
0.6542879808	5.635328293
0.6542995415	5.634934902
0.65431112	5.635792732
0.6543226936	5.635733604
0.6543342586	5.635665417
0.6543458434	5.634952068
0.6543574059	5.634799004
0.654369003	5.63318491
0.6543805642	5.632154465
0.6543921275	5.632046223
0.654403707	5.632018089
0.6544152773	5.629820824
0.6544268602	5.630113602
0.6544384246	5.63174057
0.6544500091	5.631829262
0.6544615748	5.634068489
0.6544731513	5.635277271
0.6544847303	5.638519764
0.6544963044	5.638798237
0.654507873	5.638840675
0.6545194618	5.638124466
0.6545310235	5.635409355
0.6545425906	5.634849072
0.6545541751	5.633887768
0.6545657417	5.634068489
0.6545773123	5.635664463
0.6545888861	5.635987759
0.6546004611	5.637404919
0.6546120335	5.636622906
0.6546236198	5.637010098
0.6546351953	5.63831377
0.6546467764	5.638433456
0.6546583324	5.636582375
0.6546699099	5.637730122
0.6546814969	5.639257431
0.6546930695	5.639061928
0.6547046488	5.635483742
0.65471621	5.635647774
0.6547277815	5.636863709
0.6547393567	5.639445305
0.6547509271	5.637312889
0.6547625035	5.635826588
0.6547740869	5.637558937
0.6547856505	5.637105942
0.654797223	5.636888027
0.6548088031	5.637816906
0.6548203747	5.637907028
0.6548319414	5.635223389
0.6548435241	5.636322022
0.6548550996	5.637919426
0.654866675	5.636649609
0.6548782493	5.637730122
0.6548898186	5.63250494
0.6549014065	5.635229111
0.6549129796	5.634985924
0.6549245322	5.635631084
0.6549361108	5.63630724
0.6549476847	5.636837006
0.6549592744	5.636208534
0.6549708296	5.638586521
0.6549824237	5.637936592
0.6549939792	5.641048908
0.6550055628	5.642276287
0.6550171305	5.640369892
0.6550287083	5.639600754
0.6550402824	5.642035008
0.6550518548	5.642798901
0.6550634246	5.64205122
0.6550749983	5.643084049
0.6550865746	5.646650314
0.6550981554	5.647747994
0.6551097259	5.643868446
0.6551213009	5.644145966
0.6551328711	5.645261288
0.6551444576	5.641384125
0.6551560251	5.642663002
0.6551675899	5.646382809
0.6551791789	5.649274349
0.6551907483	5.651325226
0.655202317	5.653379917
0.6552138915	5.658691883
0.6552254741	5.656976223
0.6552370413	5.651801109
0.6552486138	5.64415741
0.6552601883	5.639343262
0.6552717529	5.639707565
0.6552833356	5.641230106
0.6552949116	5.645261288
0.6553064757	5.648967266
0.6553180528	5.655347347
0.6553296327	5.652602673
0.6553412023	5.654229641
0.6553527811	5.6547122
0.6553643459	5.648471832
0.6553759294	5.645038128
0.6553875074	5.649017334
0.6553990787	5.64643383
0.6554106468	5.646263123
0.6554222209	5.646296024
0.6554337882	5.648420334
0.6554453636	5.647404671
0.655456949	5.650594711
0.6554685154	5.649677753
0.6554800958	5.649274826
0.6554916636	5.6550107
0.6555032363	5.666034222
0.655514817	5.667079926
0.6555263822	5.551331043
0.6555379655	5.610798359
0.6555495476	5.638604641
0.6555611135	5.639333725
0.6555726777	5.646076679
0.6555842519	5.649982452
0.6555958339	5.64817667
0.655607421	5.643785477
0.6556189795	5.644293785
0.6556305543	5.649309158
0.6556421277	5.654840946
0.6556537037	5.65889883
0.6556652686	5.658510208
0.6556768503	5.655569553
0.6556884293	5.659086227
0.6556999997	5.656217575
0.655711575	5.652910709
0.6557231596	5.652070522
0.6557347152	5.65444994
0.6557463045	5.660475254
0.6557578632	5.661244869
0.6557694378	5.655280113
0.6557810125	5.658108711
0.6557925935	5.657886028
0.6558041569	5.657474041
0.6558157418	5.428831101
0.6558273172	5.48886919
0.6558388918	5.602238655
0.6558504576	5.633897781
0.6558620494	5.637130737
0.655873602	5.640471935
0.6558851818	5.641168118
0.6558967653	5.641230106
0.6559083232	5.644225597
0.655919897	5.6451931
0.6559314834	5.645311832
0.6559430523	5.643436432
0.655954635	5.644540787
0.6559662135	5.643716812
0.6559777773	5.649235725
0.6559893644	5.650183678
0.6560009259	5.644385338
0.6560124964	5.642832756
0.6560240816	5.645003319
0.6560356429	5.645397663
0.6560472114	5.646194935
0.6560587886	5.646118641
0.6560703693	5.644128799
0.6560819394	5.652361393
0.6560935258	5.65567255
0.6561050815	5.650730133
0.6561166614	5.650866032
0.6561282419	5.65011549
0.656139827	5.645140648
0.6561513769	5.651155472
0.6561629536	5.661282063
0.65617453	5.659240723
0.6561861019	5.660293579
0.656197673	5.660871029
0.6562092536	5.662397862
0.6562208245	5.662704945
0.656232397	5.659053326
0.6562439766	5.655449867
0.6562555437	5.658713341
0.6562671402	5.657645226
0.6562786919	5.653906822
0.6562902877	5.653082371
0.6563018604	5.653499603
0.6563134239	5.658118725
0.6563249977	5.658527851
0.6563365735	5.66328907
0.6563481351	5.666956425
0.6563597203	5.673001289
0.656371284	5.673661709
0.6563828635	5.667663097
0.65639445	5.665055275
0.6564060079	5.674188137
0.6564175806	5.677788734
0.6564291541	5.679300785
0.6564407294	5.678799629
0.6564523133	5.685932159
0.6564638862	5.685341835
0.6564754598	5.690069199
0.6564870274	5.692939282
0.6564986069	5.690135002
0.6565101716	5.683479309
0.656521765	5.6815238
0.6565333312	5.675257683
0.6565449059	5.671848774
0.656556473	5.671741962
0.6565680464	5.669057846
0.656579618	5.665923119
0.6565911942	5.660304546
0.6566027851	5.668126583
0.6566143378	5.673236847
0.656625932	5.670939922
0.656637488	5.670637608
0.6566490608	5.671724796
0.6566606346	5.674051762
0.6566722174	5.674148083
0.6566837886	5.669822216
0.6566953668	5.666558266
0.6567069354	5.673712254
0.6567185139	5.664661408
0.6567300839	5.666302204
0.6567416547	5.668446541
0.6567532262	5.667495251
0.6567648029	5.66853857
0.6567763759	5.669707775
0.6567879615	5.668812752
0.6567995259	5.668582439
0.6568111009	5.671742916
0.6568226735	5.680285931
0.656834263	5.684542179
0.6568458345	5.678603649
0.6568574099	5.671643257
0.656868968	5.673372746
0.6568805444	5.675022125
0.65689212	5.676085949
0.6569036917	5.673865318
0.6569152815	5.679481983
0.6569268555	5.685245514
0.6569384227	5.687402725
0.6569499979	5.683135986
0.6569615629	5.678229809
0.6569731374	5.67827034
0.6569847183	5.681540966
0.6569858769	5.682003975